StudyInstanceUID,Report,ACL,MCL,Medial_Meniscus,Lateral_Meniscus,Medial_OA,Lateral_OA,PF_OA,Effusion,Synovitis,Bakers,Contusion,Fracture
study_0000,Synthetic report 0,1.0,0.0,0.0,0.0,0.0,1.0,1.0,0.0,1.0,0.0,0.0,1.0
study_0001,Synthetic report 1,0.0,1.0,0.0,1.0,0.0,0.0,0.0,1.0,0.0,1.0,0.0,0.0
study_0002,Synthetic report 2,0.0,1.0,0.0,0.0,0.0,1.0,0.0,0.0,0.0,0.0,1.0,0.0
study_0003,Synthetic report 3,0.0,1.0,1.0,0.0,1.0,0.0,0.0,0.0,1.0,1.0,1.0,1.0
study_0004,Synthetic report 4,0.0,0.0,0.0,1.0,0.0,1.0,0.0,0.0,0.0,0.0,1.0,0.0
study_0005,Synthetic report 5,0.0,0.0,0.0,0.0,0.0,0.0,0.0,0.0,0.0,0.0,0.0,0.0
study_0006,Synthetic report 6,1.0,1.0,1.0,0.0,1.0,0.0,0.0,0.0,1.0,1.0,0.0,0.0
study_0007,Synthetic report 7,0.0,0.0,0.0,0.0,0.0,0.0,0.0,0.0,0.0,0.0,0.0,0.0
study_0008,Synthetic report 8,0.0,0.0,0.0,1.0,1.0,0.0,1.0,0.0,1.0,0.0,0.0,1.0
study_0009,Synthetic report 9,0.0,0.0,1.0,1.0,0.0,0.0,0.0,0.0,0.0,0.0,1.0,0.0
study_0010,Synthetic report 10,,,,,,,,,,,,
study_0011,Synthetic report 11,,,,,,,,,,,,
study_0012,Synthetic report 12,,,,,,,,,,,,
study_0013,Synthetic report 13,,,,,,,,,,,,
study_0014,Synthetic report 14,,,,,,,,,,,,
study_0015,Synthetic report 15,,,,,,,,,,,,
study_0016,Synthetic report 16,,,,,,,,,,,,
study_0017,Synthetic report 17,,,,,,,,,,,,
study_0018,Synthetic report 18,,,,,,,,,,,,
study_0019,Synthetic report 19,,,,,,,,,,,,
