StudyInstanceUID,SeriesInstanceUID,Anatomical_Plane,Fluid_Sensitive,Fat_Suppression
study_0000,study_0000_Sagittal_T1,Sagittal,False,False
study_0000,study_0000_Sagittal_PD,Sagittal,False,False
study_0000,study_0000_Sagittal_STIR,Sagittal,True,True
study_0000,study_0000_Coronal_T1,Coronal,False,False
study_0000,study_0000_Coronal_T2,Coronal,True,False
study_0000,study_0000_Axial_PD,Axial,False,False
study_0000,study_0000_Axial_T2,Axial,True,False
study_0001,study_0001_Sagittal_T1,Sagittal,False,False
study_0001,study_0001_Sagittal_PD,Sagittal,False,False
study_0001,study_0001_Sagittal_STIR,Sagittal,True,True
study_0001,study_0001_Coronal_T1,Coronal,False,False
study_0001,study_0001_Coronal_T2,Coronal,True,False
study_0001,study_0001_Axial_PD,Axial,False,False
study_0001,study_0001_Axial_T2,Axial,True,False
study_0002,study_0002_Sagittal_T1,Sagittal,False,False
study_0002,study_0002_Sagittal_PD,Sagittal,False,False
study_0002,study_0002_Sagittal_STIR,Sagittal,True,True
study_0002,study_0002_Coronal_T1,Coronal,False,False
study_0002,study_0002_Coronal_T2,Coronal,True,False
study_0002,study_0002_Axial_PD,Axial,False,False
study_0002,study_0002_Axial_T2,Axial,True,False
study_0003,study_0003_Sagittal_T1,Sagittal,False,False
study_0003,study_0003_Sagittal_PD,Sagittal,False,False
study_0003,study_0003_Sagittal_STIR,Sagittal,True,True
study_0003,study_0003_Coronal_T1,Coronal,False,False
study_0003,study_0003_Coronal_T2,Coronal,True,False
study_0003,study_0003_Axial_PD,Axial,False,False
study_0003,study_0003_Axial_T2,Axial,True,False
study_0004,study_0004_Sagittal_T1,Sagittal,False,False
study_0004,study_0004_Sagittal_PD,Sagittal,False,False
study_0004,study_0004_Sagittal_STIR,Sagittal,True,True
study_0004,study_0004_Coronal_T1,Coronal,False,False
study_0004,study_0004_Coronal_T2,Coronal,True,False
study_0004,study_0004_Axial_PD,Axial,False,False
study_0004,study_0004_Axial_T2,Axial,True,False
study_0005,study_0005_Sagittal_T1,Sagittal,False,False
study_0005,study_0005_Sagittal_PD,Sagittal,False,False
study_0005,study_0005_Sagittal_STIR,Sagittal,True,True
study_0005,study_0005_Coronal_T1,Coronal,False,False
study_0005,study_0005_Coronal_T2,Coronal,True,False
study_0005,study_0005_Axial_PD,Axial,False,False
study_0005,study_0005_Axial_T2,Axial,True,False
study_0006,study_0006_Sagittal_T1,Sagittal,False,False
study_0006,study_0006_Sagittal_PD,Sagittal,False,False
study_0006,study_0006_Sagittal_STIR,Sagittal,True,True
study_0006,study_0006_Coronal_T1,Coronal,False,False
study_0006,study_0006_Coronal_T2,Coronal,True,False
study_0006,study_0006_Axial_PD,Axial,False,False
study_0006,study_0006_Axial_T2,Axial,True,False
study_0007,study_0007_Sagittal_T1,Sagittal,False,False
study_0007,study_0007_Sagittal_PD,Sagittal,False,False
study_0007,study_0007_Sagittal_STIR,Sagittal,True,True
study_0007,study_0007_Coronal_T1,Coronal,False,False
study_0007,study_0007_Coronal_T2,Coronal,True,False
study_0007,study_0007_Axial_PD,Axial,False,False
study_0007,study_0007_Axial_T2,Axial,True,False
study_0008,study_0008_Sagittal_T1,Sagittal,False,False
study_0008,study_0008_Sagittal_PD,Sagittal,False,False
study_0008,study_0008_Sagittal_STIR,Sagittal,True,True
study_0008,study_0008_Coronal_T1,Coronal,False,False
study_0008,study_0008_Coronal_T2,Coronal,True,False
study_0008,study_0008_Axial_PD,Axial,False,False
study_0008,study_0008_Axial_T2,Axial,True,False
study_0009,study_0009_Sagittal_T1,Sagittal,False,False
study_0009,study_0009_Sagittal_PD,Sagittal,False,False
study_0009,study_0009_Sagittal_STIR,Sagittal,True,True
study_0009,study_0009_Coronal_T1,Coronal,False,False
study_0009,study_0009_Coronal_T2,Coronal,True,False
study_0009,study_0009_Axial_PD,Axial,False,False
study_0009,study_0009_Axial_T2,Axial,True,False
study_0010,study_0010_Sagittal_T1,Sagittal,False,False
study_0010,study_0010_Sagittal_PD,Sagittal,False,False
study_0010,study_0010_Sagittal_STIR,Sagittal,True,True
study_0010,study_0010_Coronal_T1,Coronal,False,False
study_0010,study_0010_Coronal_T2,Coronal,True,False
study_0010,study_0010_Axial_PD,Axial,False,False
study_0010,study_0010_Axial_T2,Axial,True,False
study_0011,study_0011_Sagittal_T1,Sagittal,False,False
study_0011,study_0011_Sagittal_PD,Sagittal,False,False
study_0011,study_0011_Sagittal_STIR,Sagittal,True,True
study_0011,study_0011_Coronal_T1,Coronal,False,False
study_0011,study_0011_Coronal_T2,Coronal,True,False
study_0011,study_0011_Axial_PD,Axial,False,False
study_0011,study_0011_Axial_T2,Axial,True,False
study_0012,study_0012_Sagittal_T1,Sagittal,False,False
study_0012,study_0012_Sagittal_PD,Sagittal,False,False
study_0012,study_0012_Sagittal_STIR,Sagittal,True,True
study_0012,study_0012_Coronal_T1,Coronal,False,False
study_0012,study_0012_Coronal_T2,Coronal,True,False
study_0012,study_0012_Axial_PD,Axial,False,False
study_0012,study_0012_Axial_T2,Axial,True,False
study_0013,study_0013_Sagittal_T1,Sagittal,False,False
study_0013,study_0013_Sagittal_PD,Sagittal,False,False
study_0013,study_0013_Sagittal_STIR,Sagittal,True,True
study_0013,study_0013_Coronal_T1,Coronal,False,False
study_0013,study_0013_Coronal_T2,Coronal,True,False
study_0013,study_0013_Axial_PD,Axial,False,False
study_0013,study_0013_Axial_T2,Axial,True,False
study_0014,study_0014_Sagittal_T1,Sagittal,False,False
study_0014,study_0014_Sagittal_PD,Sagittal,False,False
study_0014,study_0014_Sagittal_STIR,Sagittal,True,True
study_0014,study_0014_Coronal_T1,Coronal,False,False
study_0014,study_0014_Coronal_T2,Coronal,True,False
study_0014,study_0014_Axial_PD,Axial,False,False
study_0014,study_0014_Axial_T2,Axial,True,False
study_0015,study_0015_Sagittal_T1,Sagittal,False,False
study_0015,study_0015_Sagittal_PD,Sagittal,False,False
study_0015,study_0015_Sagittal_STIR,Sagittal,True,True
study_0015,study_0015_Coronal_T1,Coronal,False,False
study_0015,study_0015_Coronal_T2,Coronal,True,False
study_0015,study_0015_Axial_PD,Axial,False,False
study_0015,study_0015_Axial_T2,Axial,True,False
study_0016,study_0016_Sagittal_T1,Sagittal,False,False
study_0016,study_0016_Sagittal_PD,Sagittal,False,False
study_0016,study_0016_Sagittal_STIR,Sagittal,True,True
study_0016,study_0016_Coronal_T1,Coronal,False,False
study_0016,study_0016_Coronal_T2,Coronal,True,False
study_0016,study_0016_Axial_PD,Axial,False,False
study_0016,study_0016_Axial_T2,Axial,True,False
study_0017,study_0017_Sagittal_T1,Sagittal,False,False
study_0017,study_0017_Sagittal_PD,Sagittal,False,False
study_0017,study_0017_Sagittal_STIR,Sagittal,True,True
study_0017,study_0017_Coronal_T1,Coronal,False,False
study_0017,study_0017_Coronal_T2,Coronal,True,False
study_0017,study_0017_Axial_PD,Axial,False,False
study_0017,study_0017_Axial_T2,Axial,True,False
study_0018,study_0018_Sagittal_T1,Sagittal,False,False
study_0018,study_0018_Sagittal_PD,Sagittal,False,False
study_0018,study_0018_Sagittal_STIR,Sagittal,True,True
study_0018,study_0018_Coronal_T1,Coronal,False,False
study_0018,study_0018_Coronal_T2,Coronal,True,False
study_0018,study_0018_Axial_PD,Axial,False,False
study_0018,study_0018_Axial_T2,Axial,True,False
study_0019,study_0019_Sagittal_T1,Sagittal,False,False
study_0019,study_0019_Sagittal_PD,Sagittal,False,False
study_0019,study_0019_Sagittal_STIR,Sagittal,True,True
study_0019,study_0019_Coronal_T1,Coronal,False,False
study_0019,study_0019_Coronal_T2,Coronal,True,False
study_0019,study_0019_Axial_PD,Axial,False,False
study_0019,study_0019_Axial_T2,Axial,True,False
